route,pct_route
Air,.017474215
Ground,.88597041
Other,.07848756
River,3.6468062
Sea,95.371262
