route,pct_route
Air,.0039705932
Ground,.2730774
Other,.16190837
River,1.6705378
Sea,97.890503
